{"cameraMode":{"drawMode":0,"name":"Shaded","section":"Shading Mode"},"sceneLighting":false,"audioPlay":false,"sceneViewState":{"m_AlwaysRefresh":false,"showFog":true,"showSkybox":false,"showFlares":true,"showImageEffects":true,"showParticleSystems":true,"showVisualEffectGraphs":true,"m_FxEnabled":true},"in2DMode":false,"pivot":{"x":61.80001449584961,"y":11.283134460449219,"z":-223.6944580078125},"rotation":{"x":0.10531676560640335,"y":0.8832443952560425,"z":-0.38967984914779665,"w":0.23875243961811067},"size":246.72129821777345,"orthographic":false}