{"cameraMode":{"drawMode":0,"name":"Shaded","section":"Shading Mode"},"sceneLighting":false,"audioPlay":false,"sceneViewState":{"m_AlwaysRefresh":false,"showFog":true,"showSkybox":true,"showFlares":true,"showImageEffects":true,"showParticleSystems":true,"showVisualEffectGraphs":true,"m_FxEnabled":true},"in2DMode":false,"pivot":{"x":1.0185043811798096,"y":0.6154323816299439,"z":1.3559821844100953},"rotation":{"x":-0.17838788032531739,"y":-0.3082151710987091,"z":0.05895623937249184,"w":-0.9325862526893616},"size":2.583455801010132,"orthographic":false}